Year,Month,Australia,Austria,Belgium,Bulgaria,Canada,Czech Rep.,Denmark,Finland,France,Germany,Greece,Hungary,Ireland,Liechtenstein,Luxembourg,Netherlands,Norway,Poland,Portugal,Rep. of Korea,Romania,Slovakia,Slovenia,Spain,Sweden,Switzerland,Turkey,United Kingdom of Great Britain and Northern Ireland,USA (EOIR),New Zealand,USA (INS/DHS),Cyprus,Iceland,Japan,Croatia,Estonia,Latvia,Malta,Serbia and Kosovo: S/RES/1244 (1999),Lithuania,Albania,Montenegro,The former Yugoslav Rep. of Macedonia,Bosnia and Herzegovina,Italy
1999,January,574,1366,1956,81,2209,602,675,101,1760,8216,167,907,234,73,241,3556,548,226,34,0,21,54,40,664,942,3953,514,4710,863,0,0,0,0,0,0,0,0,0,0,0,0,0,0,0,0
1999,February,681,1150,1770,75,1893,429,403,89,1996,7333,80,671,234,77,212,2645,560,210,17,1,43,32,49,621,755,3664,450,4190,793,0,0,0,0,0,0,0,0,0,0,0,0,0,0,0,0
1999,March,951,1373,2022,121,2110,582,570,98,2546,7925,95,1179,358,46,184,2642,707,296,19,0,64,115,56,792,851,3694,446,5045,994,0,0,0,0,0,0,0,0,0,0,0,0,0,0,0,0
1999,April,772,1658,1886,191,2131,568,641,122,2358,6491,66,1536,315,80,333,2554,888,235,12,1,369,53,84,687,866,3159,409,4905,1053,0,0,0,0,0,0,0,0,0,0,0,0,0,0,0,0
1999,May,740,1942,2074,188,2088,603,555,204,2130,6911,183,1459,381,77,779,2929,957,196,21,1,210,64,60,777,820,4879,501,5365,1139,0,0,0,0,0,0,0,0,0,0,0,0,0,0,0,0
1999,June,649,2663,2946,147,2210,536,470,486,2426,9640,152,997,453,106,605,3101,1062,180,33,0,100,105,59,731,860,9328,549,6220,1108,0,0,0,0,0,0,0,0,0,0,0,0,0,0,0,0
1999,July,776,1753,2774,41,2545,610,516,813,2894,9408,65,868,571,45,209,3202,1211,222,35,0,62,74,39,695,952,5556,551,6595,1271,0,0,0,0,0,0,0,0,0,0,0,0,0,0,0,0
1999,August,756,1636,4347,112,2905,582,386,93,2847,8905,65,903,962,6,79,3527,1070,272,21,0,204,88,59,772,1044,2936,633,7115,1368,0,0,0,0,0,0,0,0,0,0,0,0,0,0,0,0
1999,September,776,1708,4747,62,3397,699,406,181,2861,8429,257,865,938,3,87,3443,782,209,51,1,165,262,67,778,1008,2101,780,7365,1320,0,0,0,0,0,0,0,0,0,0,0,0,0,0,0,0
1999,October,811,1452,3242,69,3003,553,455,176,2880,7505,157,752,1051,0,46,3864,722,247,26,0,173,177,125,707,975,1811,852,6295,1275,0,0,0,0,0,0,0,0,0,0,0,0,0,0,0,0
1999,November,1078,1829,3322,127,3147,723,918,234,2976,7476,160,668,1010,2,91,3903,646,249,16,0,118,162,150,637,928,1934,767,6415,1251,0,0,0,0,0,0,0,0,0,0,0,0,0,0,0,0
1999,December,932,1600,4691,135,3257,727,472,510,3159,7092,81,694,1217,0,46,3934,1007,322,22,0,136,127,79,544,1230,1495,770,7175,1361,0,0,0,0,0,0,0,0,0,0,0,0,0,0,0,0
2000,January,1035,1334,2896,130,2594,593,738,444,3286,6618,158,651,976,0,52,4125,594,155,19,1,132,195,95,563,980,1466,321,6105,1407,0,3152,0,0,0,0,0,0,0,0,0,0,0,0,0,0
2000,February,1258,1312,2385,117,2474,382,1092,283,3610,6117,218,476,864,0,40,3840,575,345,14,0,156,68,200,682,945,1387,296,6100,1515,0,2771,0,0,0,0,0,0,0,0,0,0,0,0,0,0
2000,March,1173,1132,2529,154,2492,513,1300,289,3757,6204,356,873,972,8,85,3571,567,442,15,0,115,91,259,564,1077,1567,347,6690,1792,0,3613,0,0,0,0,0,0,0,0,0,0,0,0,0,0
2000,April,1168,1117,2545,107,2103,557,502,304,2829,5004,87,635,1036,1,58,3104,439,306,17,0,87,195,148,583,873,1118,360,5905,1558,0,3185,0,0,0,0,0,0,0,0,0,0,0,0,0,0
2000,May,1352,1499,2849,88,2855,542,774,283,3056,6316,293,794,802,0,0,3053,1792,342,14,20,137,76,258,627,950,1555,569,6185,1736,0,3294,0,0,0,0,0,0,0,0,0,0,0,0,0,0
2000,June,1035,1637,2761,107,3034,939,829,378,2917,5747,195,615,677,0,73,3473,2037,265,25,0,75,148,280,525,869,1285,686,5910,1351,0,3942,0,0,0,0,0,0,0,0,0,0,0,0,0,0
2000,July,799,1870,3185,107,3004,665,911,459,3110,6529,440,656,773,2,32,3702,921,327,25,3,62,105,351,591,1107,1333,858,6255,1254,208,3004,0,0,0,0,0,0,0,0,0,0,0,0,0,0
2000,August,858,1594,4446,120,3602,691,864,190,3229,7507,77,568,919,0,37,3997,983,364,19,3,83,116,1393,595,1391,1507,880,6610,1492,164,5282,0,0,0,0,0,0,0,0,0,0,0,0,0,0
2000,September,867,1815,4760,157,4160,749,793,147,2877,7166,251,611,963,0,67,3451,1044,441,14,0,101,105,921,497,1467,1650,967,6630,1298,119,4142,0,0,0,0,0,0,0,0,0,0,0,0,0,0
2000,October,1144,1767,5287,246,4116,916,906,143,3553,7684,129,727,1098,0,52,3981,770,450,14,0,113,132,1684,612,1997,1731,710,7030,1429,137,3489,0,0,0,0,0,0,0,0,0,0,0,0,0,0
2000,November,1123,1646,4408,275,3763,1230,898,137,3374,7909,95,661,1096,0,38,3927,637,497,16,16,155,174,2330,594,2130,1751,607,7245,1376,86,4955,0,0,0,0,0,0,0,0,0,0,0,0,0,0
2000,December,1124,1561,4640,147,3661,992,470,113,2990,5963,705,532,744,0,51,3668,483,462,10,0,146,149,1323,604,2517,1356,408,5815,1276,93,4639,0,0,0,0,0,0,0,0,0,0,0,0,0,0
2001,January,1587,1876,3239,197,3428,1228,1166,122,3015,7583,121,580,840,4,59,3697,483,342,24,10,142,131,188,833,1735,1655,343,6845,1621,136,4974,164,1,0,0,0,0,0,0,0,0,0,0,0,0
2001,February,809,2394,1734,229,3231,1222,897,109,3771,6220,106,506,706,4,49,2805,502,333,17,0,223,175,84,810,1290,1375,273,5955,1541,126,4686,86,1,0,0,0,0,0,0,0,0,0,0,0,0
2001,March,1028,3208,1788,145,3475,1632,968,169,4545,7251,241,769,763,0,57,3086,557,303,18,3,297,266,150,745,1297,1282,443,6160,1690,159,5500,91,3,0,0,0,0,0,0,0,0,0,0,0,0
2001,April,1128,2840,1773,119,3261,1537,1030,172,4067,6182,92,686,741,8,47,2781,619,301,21,0,189,580,153,683,1280,1313,441,5035,1576,156,4698,81,10,0,0,0,0,0,0,0,0,0,0,0,0
2001,May,1202,2523,1960,194,3970,1596,953,90,4066,6941,171,600,837,8,50,2549,776,369,18,3,234,640,336,631,1580,1540,485,5285,1699,172,5536,124,3,0,0,0,0,0,0,0,0,0,0,0,0
2001,June,1384,2150,1879,206,3662,1692,842,111,3794,6609,431,701,882,15,59,2219,1113,547,18,1,207,625,146,640,1571,1512,531,5340,1429,130,6684,128,5,0,0,0,0,0,0,0,0,0,0,0,0
2001,July,785,2420,2096,190,4339,1609,1084,177,4195,8093,519,917,961,22,57,2475,1862,223,25,2,247,491,107,736,2065,1863,648,5960,1578,105,5117,87,1,0,0,0,0,0,0,0,0,0,0,0,0
2001,August,969,2457,2349,232,4190,1775,1403,198,3666,9138,618,1028,983,16,75,2462,2211,332,25,1,218,1100,117,619,2569,1819,586,6505,1644,95,4370,133,3,0,0,0,0,0,0,0,0,0,0,0,0
2001,September,1477,2514,2053,230,3891,1488,1171,118,3328,8000,607,925,855,19,64,2551,2022,438,6,2,169,1026,56,841,2454,1755,722,6050,1171,113,6119,151,23,0,0,0,0,0,0,0,0,0,0,0,0
2001,October,768,2788,2277,291,4216,1492,1138,164,4441,8764,426,1285,892,7,57,3401,1702,384,19,6,218,933,36,978,2800,1929,703,6425,1691,134,4028,157,0,0,0,0,0,0,0,0,0,0,0,0,0
2001,November,761,2582,1714,226,3869,1350,1038,102,4238,8006,544,938,904,5,53,2399,1440,457,15,6,113,1074,58,859,2306,1864,448,5765,1501,152,5111,186,1,0,0,0,0,0,0,0,0,0,0,0,0
2001,December,468,2383,1687,168,3203,1416,713,119,4137,5576,1623,619,960,4,62,2154,1497,504,28,3,123,1110,77,844,2566,1497,299,5485,1305,123,4887,232,0,0,0,0,0,0,0,0,0,0,0,0,0
2002,January,654,2956,1858,350,2527,1332,773,171,4032,7762,589,612,838,8,47,2377,1513,227,28,2,129,751,39,959,2637,1909,263,7884,1982,94,5357,106,7,18,0,0,0,0,0,0,0,0,0,0,0
2002,February,487,2401,1394,324,2051,678,646,120,4116,5771,435,527,763,7,39,1972,1385,292,12,0,97,662,59,801,2242,1654,245,7500,1729,62,4370,15,1,18,0,0,0,0,0,0,0,0,0,0,0
2002,March,514,2310,1433,417,2214,719,671,106,4629,5697,508,536,932,4,71,1950,1472,349,18,0,66,545,35,723,2357,1671,201,7488,1725,94,5802,53,0,16,0,0,0,0,0,0,0,0,0,0,0
2002,April,498,3051,1520,474,2638,761,563,196,4107,6019,133,544,888,3,64,1767,1255,298,22,1,106,400,43,414,2495,1996,296,7802,1724,105,5571,50,0,24,0,0,0,0,0,0,0,0,0,0,0
2002,May,582,2812,1489,373,2847,607,468,400,4189,5346,192,461,795,13,78,1590,1236,350,30,4,134,455,63,542,2688,2084,389,9098,1805,93,5434,38,25,22,0,0,0,0,0,0,0,0,0,0,0
2002,June,449,2894,1335,117,3423,525,407,547,3993,5664,426,440,869,5,95,1479,1301,273,7,1,77,538,19,311,2195,1720,347,7988,1172,93,5907,28,11,19,0,0,0,0,0,0,0,0,0,0,0
2002,July,491,3537,1564,137,2973,580,373,290,4903,5947,555,565,1133,11,87,1419,1652,409,8,0,124,864,49,355,2830,2277,369,9704,1557,82,4148,52,22,26,0,0,0,0,0,0,0,0,0,0,0
2002,August,441,3257,1669,109,2335,580,371,309,3793,5780,708,726,995,9,66,1350,1691,399,55,2,87,796,28,304,3368,2213,408,8759,1678,77,5415,63,10,37,0,0,0,0,0,0,0,0,0,0,0
2002,September,436,4506,1770,166,2732,599,393,305,3474,6286,589,637,1199,13,125,1432,1746,504,24,1,62,1179,35,397,3175,2384,524,9427,1454,77,3742,110,18,13,0,0,0,0,0,0,0,0,0,0,0
2002,October,432,3099,1843,199,3452,767,499,359,4872,6568,444,639,1148,6,108,1374,1771,604,15,15,81,1295,58,542,3122,2789,589,10648,1653,78,4670,112,13,23,0,0,0,0,0,0,0,0,0,0,0
2002,November,461,2663,1391,160,3262,606,400,148,4135,5510,616,406,984,9,105,1037,1238,519,13,7,70,1140,114,448,2837,2153,365,8925,1354,97,3762,110,1,14,0,0,0,0,0,0,0,0,0,0,0
2002,December,427,3497,1539,62,2988,681,383,182,4555,4694,469,319,1090,8,158,920,1220,442,13,1,75,1114,96,383,3065,1580,331,7857,1418,45,3779,216,9,20,0,0,0,0,0,0,0,0,0,0,0
2003,January,408,2506,1449,167,3769,685,405,282,4188,6124,615,228,979,11,79,1234,1205,364,11,3,80,442,102,764,3127,2043,253,8886,1601,92,3971,163,4,26,2,2,3,50,11,0,0,0,0,0,0
2003,February,354,1867,1103,137,2974,704,422,341,5041,4486,871,234,947,5,107,1042,1203,337,5,1,63,386,122,411,2500,1540,216,4969,1516,96,3323,152,9,24,0,1,0,73,0,0,0,0,0,0,0
2003,March,400,2271,1276,122,3018,588,395,194,5056,4329,760,183,892,8,112,1398,1301,706,6,6,129,421,61,372,2315,1511,485,5274,1562,76,4264,34,6,20,0,3,0,61,3,0,0,0,0,0,0
2003,April,401,2440,1188,69,2955,1188,344,171,5261,4012,666,131,667,5,127,1570,1124,372,18,1,170,636,76,332,2006,1475,322,4371,1726,83,4117,51,5,32,0,0,1,36,20,0,0,0,0,0,0
2003,May,409,2787,1115,94,2642,965,383,171,3534,3758,1047,153,604,7,107,1391,1126,527,10,1,96,679,91,395,1936,1467,332,3965,1724,62,3152,45,5,20,7,1,1,44,13,0,0,0,0,0,0
2003,June,359,2898,1279,93,2151,895,376,269,4796,3653,879,238,661,17,120,831,1229,415,12,0,118,810,116,345,2256,1480,275,4374,1615,82,3528,54,2,22,2,2,0,40,8,0,0,0,0,0,0
2003,July,421,3148,1545,139,2470,926,327,192,5090,4528,390,239,646,11,138,1127,1344,496,5,5,69,878,112,456,2649,1703,393,4982,1848,56,3280,17,12,31,7,1,0,45,10,0,0,0,0,0,0
2003,August,373,3194,1394,57,2255,1167,458,262,4621,3548,239,215,655,7,89,989,1828,615,3,7,95,895,92,478,3138,1755,345,4749,1682,50,2757,111,10,37,6,1,0,35,22,0,0,0,0,0,0
2003,September,329,3456,1674,85,2707,965,421,260,4803,4418,1325,283,611,6,135,1103,1850,1220,8,6,49,1015,103,572,3158,1743,448,5266,1618,79,2772,385,9,38,2,2,0,49,16,0,0,0,0,0,0
2003,October,299,3684,1627,149,2528,1553,369,350,5911,4343,479,203,496,9,151,1015,1448,634,4,11,75,1366,81,547,3094,1817,413,5000,1749,67,2786,393,9,33,9,1,0,46,18,0,0,0,0,0,0
2003,November,237,1989,1558,109,2339,997,349,358,5309,3830,577,181,395,11,194,931,1076,523,11,30,69,1427,85,588,2465,1609,382,3898,1397,45,2182,1191,5,31,3,0,0,41,10,0,0,0,0,0,0
2003,December,296,2102,1732,328,2048,761,308,371,5688,3416,330,113,347,4,195,771,1226,712,14,13,64,1368,61,507,2711,1401,421,4313,1495,53,2617,1815,4,21,25,0,0,48,7,0,0,0,0,0,0
2004,January,239,1533,1310,67,2245,552,324,177,4390,3767,225,108,392,10,133,976,763,433,8,8,64,978,61,476,2310,1498,174,3626,1478,51,2344,241,1,36,14,2,0,92,9,11,0,0,0,0,0
2004,February,233,1839,1159,86,1988,588,299,293,5404,2989,410,130,363,17,193,836,687,379,5,3,95,751,118,449,1942,1328,131,3501,1361,83,2058,270,12,24,16,4,0,32,2,3,0,0,0,0,0
2004,March,284,2550,1447,114,2120,988,296,580,6010,3411,374,129,501,2,188,940,734,505,3,8,54,798,131,555,1980,1598,201,3604,1665,70,2535,598,4,52,9,2,3,5,1,9,0,0,0,0,0
2004,April,316,3136,1295,56,1746,602,235,182,5079,3015,732,161,377,7,141,681,552,982,10,4,51,1607,148,414,1798,1294,166,3095,1375,62,2294,581,2,38,5,1,1,56,0,6,0,0,0,0,0
2004,May,258,1292,1032,106,1870,420,304,207,4203,2609,531,104,403,1,136,627,630,355,15,13,47,1120,111,436,1521,1043,268,3007,1172,41,2072,336,12,45,4,0,0,44,7,18,0,0,0,0,0
2004,June,286,2110,1155,88,1804,317,287,260,4887,2895,484,113,324,7,127,772,623,433,5,28,36,1112,52,377,1894,1118,296,3205,1131,56,2535,1195,6,62,7,3,0,41,2,7,0,0,0,0,0
2004,July,258,1852,1175,54,2005,354,247,280,4831,2907,274,90,371,6,127,672,703,630,11,8,47,973,51,339,1843,1104,722,3466,1178,32,2353,1184,8,34,19,0,0,116,0,18,0,0,0,0,0
2004,August,282,2041,1220,74,2306,301,300,364,4324,2943,192,199,401,3,112,787,741,573,7,15,50,771,86,298,2164,1018,498,3304,1078,47,2246,675,4,28,4,1,0,112,3,10,0,0,0,0,0
2004,September,312,2351,1277,120,2141,283,292,282,4817,2768,228,182,466,6,117,849,754,942,16,11,56,880,91,492,2203,941,520,3713,1130,47,1892,982,10,23,12,1,1,148,15,30,0,0,0,0,0
2004,October,246,2170,1304,119,1991,378,220,260,4766,2898,294,134,329,2,98,904,626,852,7,15,64,1078,107,791,1833,915,216,3370,1190,46,2131,543,4,22,25,1,0,128,5,11,0,0,0,0,0
2004,November,231,1891,1398,141,2243,370,200,319,4341,2665,391,143,409,6,95,956,572,958,14,15,43,637,104,405,1773,829,281,3451,1100,26,2185,770,3,32,29,0,0,87,2,11,0,0,0,0,0
2004,December,252,1911,1586,102,3040,307,218,447,5525,2746,331,107,430,7,110,782,560,1035,6,20,54,649,114,337,1900,787,453,3281,1080,19,2084,2484,9,30,17,0,2,136,4,6,0,0,0,0,0
2005,January,246,1355,1285,81,1637,346,192,321,4734,2338,443,96,393,6,56,886,472,512,9,26,39,341,128,317,1426,741,249,3160,1184,25,2076,931,4,20,5,0,0,112,1,9,4,0,7,0,0
2005,February,246,1238,1286,40,1572,297,265,284,4405,2101,827,109,377,1,84,933,380,342,13,21,67,127,120,457,1406,620,186,2598,1064,19,2094,494,5,35,27,1,0,197,2,1,4,0,11,0,0
2005,March,316,1610,1466,89,1414,307,253,306,4776,2223,1546,198,489,9,94,877,347,350,8,50,59,133,123,637,1335,746,266,2500,1437,33,2914,629,3,34,13,0,1,102,3,13,4,0,2,0,0
2005,April,307,1696,1255,47,1376,280,216,327,4641,2266,671,91,320,3,75,903,397,383,7,57,69,299,150,383,1247,757,247,2507,1208,40,1677,776,6,21,48,1,0,49,1,7,2,0,6,0,0
2005,May,260,1606,1206,79,1292,261,213,286,4270,2107,638,110,322,4,67,747,383,372,5,59,67,217,153,403,1269,767,341,2299,1223,38,1915,885,9,27,10,1,0,34,10,19,2,1,5,0,0
2005,June,252,1670,1234,70,1438,312,192,264,4701,2287,1420,161,315,8,70,938,405,362,4,55,35,255,184,394,1297,766,313,2386,1369,23,2146,329,4,33,11,3,3,55,5,7,2,0,1,0,0
2005,July,222,1774,1311,82,1502,330,154,367,3924,2150,676,165,325,3,75,837,426,342,10,29,31,240,206,321,1243,714,346,2359,1144,30,1932,141,22,24,15,2,0,75,10,7,1,0,1,0,0
2005,August,281,2231,1370,69,1638,489,162,309,3502,2423,496,135,348,3,59,984,510,474,11,28,45,401,115,254,1546,832,284,2709,1198,23,2281,792,10,43,12,1,7,98,8,9,2,0,3,0,0
2005,September,290,2260,1423,76,2039,432,185,369,3788,2507,464,167,372,2,74,1164,563,660,9,14,50,379,141,373,1650,977,495,2636,1243,39,1813,844,7,28,8,1,6,105,1,12,0,0,6,0,0
2005,October,258,2262,1368,55,2024,348,145,281,3941,2247,452,136,320,7,57,1436,541,523,15,23,40,415,133,619,1508,838,364,2474,1142,34,1737,620,5,30,10,0,0,91,29,7,3,0,2,0,0
2005,November,256,2437,1358,42,2111,348,150,207,3197,2464,714,135,344,4,39,1459,497,431,17,21,48,369,89,543,1733,845,327,2499,1093,31,1946,552,5,43,10,0,2,180,7,23,0,0,1,0,0
2005,December,258,2332,1395,92,1692,271,133,242,2992,2097,703,106,396,3,49,1183,481,685,5,26,44,313,54,561,1869,749,479,2332,1000,13,2085,775,9,46,17,0,1,69,8,4,1,1,2,0,0
2006,January,262,1295,1038,38,2021,262,224,226,3178,1969,713,165,405,1,42,1553,545,266,21,24,23,196,56,320,1556,874,246,2807,1340,25,1853,400,6,64,8,2,3,117,0,6,0,0,2,4,0
2006,February,260,971,934,36,1532,235,159,168,3116,1779,492,113,313,6,32,1798,339,257,8,11,41,88,18,343,1579,663,247,2277,1329,24,1941,285,1,66,22,0,0,96,1,2,1,0,2,16,0
2006,March,294,1133,988,97,1735,263,183,174,3006,2140,331,156,438,0,24,1820,426,278,12,7,17,95,23,490,1878,719,303,2448,1698,29,2300,497,0,108,7,0,1,78,4,16,4,0,3,8,0
2006,April,279,945,870,81,1514,218,139,186,2559,1500,621,193,282,6,32,1331,333,280,5,19,41,108,44,406,963,584,334,2051,1510,11,2093,285,2,84,1,0,0,46,3,6,2,0,2,4,0
2006,May,305,1019,854,61,1655,246,121,179,2253,1694,551,181,412,8,33,1268,384,235,6,20,27,268,38,512,1483,857,364,2210,1545,34,2112,385,5,92,17,1,0,220,0,14,5,0,2,4,0
2006,June,327,973,834,9,1625,286,128,172,2335,1504,723,191,278,10,38,1240,358,356,4,14,27,265,29,433,1400,679,354,2118,1507,24,2071,234,2,109,2,0,0,103,4,6,0,0,0,1,0
2006,July,263,1069,872,16,1783,292,103,194,2186,1390,579,221,313,5,58,972,457,327,19,16,20,341,41,403,1765,675,441,2215,1465,38,1898,471,2,100,5,0,0,137,12,4,3,1,1,0,0
2006,August,325,1103,954,33,2453,426,166,225,2024,1899,410,205,332,1,56,958,587,458,15,30,34,331,57,363,2338,778,517,2428,1259,19,2385,285,1,95,8,0,0,87,5,21,1,3,4,11,0
2006,September,348,1183,870,36,2365,193,185,233,2462,1631,993,186,422,5,57,1032,472,569,10,33,24,226,100,428,2517,872,469,2460,1266,19,1886,204,5,65,5,1,1,78,5,30,0,1,2,7,0
2006,October,243,1274,1238,69,2161,235,173,192,2687,1842,2379,169,394,1,57,918,493,436,11,29,36,279,35,628,2537,1062,386,2516,1503,9,2092,394,4,63,12,7,0,103,4,5,0,1,1,2,0
2006,November,287,1178,1082,40,2363,208,167,172,2459,1749,2855,174,415,1,35,910,476,335,7,46,50,332,21,507,3181,741,537,2411,1532,29,2125,381,3,52,5,0,1,152,3,24,4,6,0,5,0
2006,December,329,1206,1053,51,1700,152,172,167,2420,1516,1620,155,310,3,60,665,450,426,10,29,38,342,56,474,3124,810,350,1908,1226,15,2030,724,7,56,2,2,2,55,6,27,1,5,3,6,0
2007,January,271,1082,934,90,2026,153,225,155,2334,1663,2407,197,385,1,50,614,434,232,8,66,33,220,29,707,3362,986,311,2361,1398,18,2163,419,5,63,9,0,0,93,6,23,0,2,1,1,0
2007,February,303,1008,787,49,1905,130,186,68,2617,1299,2298,149,333,3,30,503,352,246,9,57,18,218,16,824,2897,891,315,2144,1265,24,2114,703,3,45,11,0,1,96,4,14,8,0,1,1,0
2007,March,338,974,1081,92,1959,181,192,85,2705,1468,2741,163,347,0,21,543,355,239,50,44,36,232,17,802,2969,842,576,2247,1479,25,2397,529,2,55,11,1,3,68,7,10,4,0,2,3,0
2007,April,398,860,908,37,1769,130,122,93,2417,1203,2850,165,277,5,37,506,356,185,52,75,41,327,36,745,2894,650,546,1845,1257,17,2141,813,0,51,2,2,4,46,5,7,4,0,0,1,0
2007,May,384,857,995,57,1943,114,121,89,2366,1347,2099,240,318,1,18,392,348,225,14,45,29,280,35,580,2705,847,718,2152,1283,17,2680,489,3,97,10,3,4,37,1,8,6,0,4,7,0
2007,June,257,928,825,115,1778,138,133,114,2254,1241,2199,291,316,4,42,475,460,249,10,34,45,215,50,524,2794,620,755,1922,1143,14,2209,347,4,58,23,0,1,57,2,6,1,0,6,446,0
2007,July,311,970,822,81,2122,148,86,153,2520,1483,1803,269,358,2,31,456,468,246,9,42,111,229,48,536,2919,790,808,2178,1013,17,1765,521,7,62,18,0,3,130,5,4,0,0,2,38,0
2007,August,362,989,856,86,2612,172,154,155,2135,1918,1535,273,294,4,48,664,696,476,11,40,127,325,40,452,3350,680,840,2352,890,30,2060,498,6,76,12,1,5,140,17,3,1,0,5,10,0
2007,September,346,989,887,65,2853,151,167,143,2119,1771,2118,228,318,4,45,725,657,804,17,40,40,215,52,452,3154,660,828,2562,828,13,1904,362,4,63,21,0,11,135,0,8,2,0,0,7,0
2007,October,333,1082,1094,125,3407,142,141,133,3017,1922,1764,395,356,5,48,850,655,792,23,81,45,216,35,669,3472,991,781,2913,1383,39,2051,703,2,74,25,1,0,210,7,4,0,0,0,42,0
2007,November,345,925,990,97,3409,216,128,116,2211,1953,1852,444,343,2,22,788,611,1147,7,97,82,115,32,726,2842,877,736,2838,1222,12,1974,566,3,96,28,1,1,233,11,8,1,0,5,12,0
2007,December,335,1257,936,81,2559,203,217,130,2463,1265,1447,605,340,1,34,586,784,2275,11,96,52,51,37,446,2849,689,428,2389,917,22,1909,839,3,76,25,0,1,134,13,21,1,0,7,4,0
2008,January,307,1113,1097,86,2986,212,237,165,2557,2397,1686,241,329,4,44,908,826,359,7,59,42,45,17,372,3195,901,666,2707,1147,22,2156,254,6,89,20,2,2,218,5,11,0,0,2,1,1532
2008,February,316,887,918,88,2904,188,167,111,2774,1818,1724,233,296,4,26,862,755,634,13,19,54,61,14,442,2209,753,919,2509,1077,17,2199,440,7,94,13,1,1,150,9,7,5,3,1,17,1591
2008,March,323,812,926,62,2521,182,129,119,2518,1545,1506,227,299,2,29,886,800,510,11,24,93,66,11,336,1645,775,625,2491,1187,32,2075,423,2,126,5,0,1,110,11,15,0,0,4,34,1843
2008,April,349,888,907,53,2959,137,149,145,2940,1694,1715,173,299,1,45,929,813,566,16,23,39,75,15,444,1838,976,812,2269,1402,21,2106,310,3,105,9,1,0,202,4,15,0,0,1,10,1734
2008,May,342,832,899,77,2723,98,153,232,2391,1599,1791,196,301,1,21,1011,952,462,12,22,46,75,45,420,1754,814,903,2186,1304,22,2414,312,7,132,14,2,1,189,6,10,2,1,2,4,2125
2008,June,335,815,971,51,2742,114,146,259,2844,1672,1743,148,329,4,33,1169,1033,479,34,25,84,97,12,347,1629,1044,914,2386,1160,20,2113,274,9,128,7,0,4,232,0,8,0,1,3,2,2256
2008,July,497,1089,1087,58,3241,115,131,289,2823,1793,1740,160,339,5,40,1269,1394,491,6,24,144,76,13,357,1894,989,1008,2753,1222,30,2560,435,9,148,7,1,2,365,15,15,0,0,14,5,3134
2008,August,568,1163,1000,37,3339,113,209,418,2587,1659,1421,240,333,1,55,1289,1647,586,20,31,86,79,10,290,1938,1488,1250,2386,902,11,2041,220,6,128,10,0,8,270,16,19,0,2,6,1,3413
2008,September,429,1295,1071,78,3705,121,252,520,3362,1965,1702,394,360,0,70,1446,1505,949,9,31,103,86,23,343,2146,1578,1742,2846,1108,16,1899,326,13,150,14,0,1,259,1,22,0,0,15,0,3619
2008,October,440,1406,1190,67,3716,176,252,650,3833,1954,1648,445,357,1,35,1438,1411,711,15,24,117,120,23,433,2193,1961,1749,2815,1334,21,2110,232,9,162,31,1,20,189,9,26,0,0,3,12,3301
2008,November,351,1242,1116,49,3237,117,288,551,3014,1730,1429,340,324,2,38,1111,1393,644,12,47,123,66,37,366,1848,1921,1427,2566,983,16,1782,334,6,176,15,4,8,206,4,33,0,0,1,9,3414
2008,December,538,1299,1070,40,2822,117,247,557,3521,1545,1779,321,299,1,27,1081,1404,812,6,35,152,64,18,328,2064,1978,966,2633,1022,26,1887,362,1,161,10,2,3,217,0,35,0,0,2,5,3202
2009,January,442,1213,1291,71,2875,123,341,550,2905,2447,1557,280,254,1,39,1171,1299,367,15,22,80,53,38,291,1932,2127,921,3257,1111,21,1866,303,0,157,3,1,1,220,4,14,0,0,1,23,1685
2009,February,366,1243,964,66,3030,130,257,489,3767,2045,1590,497,270,5,24,1147,1148,344,12,26,104,43,10,339,1669,1263,668,3213,1150,32,1688,369,1,139,5,4,1,227,5,16,0,1,3,3,1360
2009,March,503,1313,1069,91,3351,123,346,491,3643,2079,1571,485,270,12,31,1305,1255,451,16,23,55,71,13,268,1731,1174,874,3817,1322,12,1996,219,3,130,20,3,0,224,24,10,0,5,2,1,1465
2009,April,464,1190,1055,51,3277,134,222,387,3486,1958,1679,348,241,2,37,1233,1236,470,7,23,58,40,12,247,1564,1080,757,2810,1314,21,1947,208,0,112,9,2,2,200,20,9,0,7,5,2,2270
2009,May,606,1223,1059,57,3006,115,312,395,2839,1899,1717,349,229,7,23,1022,1455,521,12,45,55,62,9,217,1588,957,532,2275,1195,26,2346,268,2,110,4,0,1,179,39,18,1,1,50,4,2370
2009,June,558,1299,1158,75,3184,90,215,487,3461,2005,1663,310,244,3,41,1216,1501,1312,24,29,88,77,5,272,1873,1065,531,2297,1279,14,2240,240,6,107,16,0,0,152,31,8,0,0,2,8,1525
2009,July,663,1367,1288,61,2902,105,238,493,3548,2606,1086,480,218,0,46,1171,1716,1565,8,39,57,94,30,240,2052,1164,641,2250,1328,36,2477,245,3,115,11,6,8,148,44,7,1,0,1,2,1425
2009,August,621,1283,1354,53,2238,85,328,555,3173,2527,496,431,226,27,47,1033,1756,2075,7,22,100,61,10,174,2389,1102,594,2003,1035,29,2167,175,11,111,25,4,4,207,21,19,0,0,1,0,565
2009,September,545,1446,1643,68,2508,86,384,569,3463,2703,1584,476,197,68,61,1327,1578,995,9,16,71,104,9,266,2204,1113,668,2021,1251,50,2134,270,1,138,19,6,7,145,26,50,1,2,11,1,1065
2009,October,870,1468,1941,75,2474,99,389,531,4113,2692,1136,519,203,98,34,1573,1435,890,13,17,51,79,2,293,2321,1162,644,2228,1191,38,2173,315,4,90,9,6,19,158,31,24,0,0,2,2,1295
2009,November,963,1319,2057,99,2424,82,426,474,3698,2518,961,253,176,65,58,1468,1149,695,7,36,69,66,12,216,2402,1241,579,2101,1047,40,2252,336,3,82,5,5,7,279,17,14,0,3,4,0,1850
2009,December,821,1457,2352,86,1982,86,397,567,3885,2170,888,244,161,6,64,1239,1035,907,9,26,46,72,31,176,2469,1044,425,1568,1077,17,2240,247,1,93,21,3,2,250,45,22,0,2,4,1,650
2010,January,493,798,1602,98,1939,35,408,419,3320,2716,652,274,189,4,48,1300,805,389,10,16,49,57,12,177,2226,1083,658,1727,1116,32,2084,207,3,70,3,3,2,27,37,10,0,0,35,0,1011
2010,February,1093,792,2488,85,1935,41,412,342,4348,2453,744,254,176,20,53,1156,681,410,18,14,55,18,6,230,2321,1028,438,1800,1096,22,1857,212,2,70,1,0,4,3,23,22,3,0,0,4,675
2010,March,789,874,1564,100,2212,53,374,430,4593,2716,798,232,167,35,17,1347,867,604,8,25,126,48,12,225,3570,1172,605,1876,1289,24,2435,192,2,92,4,3,2,0,58,17,0,2,16,1,1035
2010,April,1036,757,1166,76,1751,38,354,314,3836,2457,659,241,161,7,45,950,527,502,10,21,70,52,1,198,2145,1052,474,1854,1283,18,2401,178,2,76,8,6,11,8,49,4,0,1,8,8,728
2010,May,541,909,1287,54,1664,34,393,362,3729,2417,838,221,179,4,47,755,623,487,16,22,93,68,20,180,1874,944,540,1738,1203,35,2439,211,4,94,7,6,6,10,47,34,0,0,5,3,946
2010,June,2185,899,1354,83,1633,36,311,371,3803,2894,1010,187,154,6,46,893,667,532,15,20,62,55,14,200,1914,1105,620,1867,1386,43,2873,233,4,69,26,2,3,1,54,20,2,0,2,0,973
2010,July,1237,906,1574,93,1656,36,366,316,3738,3380,989,480,162,2,44,832,836,448,15,49,45,53,12,252,1900,969,591,1780,1053,10,2515,213,2,110,30,4,7,41,41,20,1,0,6,5,813
2010,August,1034,1241,1879,94,2319,58,527,311,3604,4101,886,111,174,3,51,1061,936,701,19,49,100,57,15,254,2743,1182,989,1756,1272,41,2706,172,13,123,44,4,7,11,62,36,2,0,9,1,513
2010,September,1003,962,2036,77,2054,25,447,338,3812,4769,1311,115,155,7,91,1244,879,677,15,48,70,43,18,284,3874,1208,1013,1930,1235,23,2476,189,4,123,58,0,3,10,101,29,2,0,11,4,813
2010,October,1118,972,2314,65,1918,29,531,295,4609,4977,1078,116,143,4,97,1314,888,631,11,47,81,35,23,241,4196,1231,1001,2022,1199,19,2425,217,11,139,32,1,5,9,123,54,0,1,0,5,868
2010,November,1165,997,2242,93,2032,48,411,242,3881,4753,912,131,154,8,107,1432,795,550,7,59,56,26,39,289,2832,1353,985,2045,1214,36,2355,350,1,141,46,1,4,9,122,74,0,0,35,0,1040
2010,December,979,905,2243,107,2044,52,431,278,4518,3699,396,102,125,13,100,1049,719,609,16,53,52,29,39,208,2224,1194,1312,1690,1182,22,2723,485,3,104,31,3,7,10,76,52,2,5,47,7,637
2011,January,1059,882,1934,102,1875,36,365,258,4153,3901,606,117,133,9,116,1051,766,126,10,60,49,15,31,238,1963,1058,914,2085,1773,23,2695,184,0,110,38,4,3,8,128,12,4,2,64,3,842
2011,February,715,908,1931,78,1936,32,277,210,4323,3370,920,88,125,4,147,918,605,259,20,42,86,24,33,333,1948,1062,848,1925,1720,25,2344,147,3,157,48,7,18,9,201,29,8,9,37,2,2495
2011,March,849,967,2395,59,2138,42,317,244,4910,3625,1003,136,127,14,237,893,640,331,13,56,123,12,28,366,2303,1602,891,2204,2370,27,3131,127,6,137,41,4,4,28,223,25,0,12,47,5,2989
2011,April,848,980,2105,47,1836,35,286,200,4778,3031,453,164,87,9,147,820,627,294,16,83,94,13,13,430,2040,1303,713,1979,1905,28,2691,124,7,198,31,6,16,1126,273,10,0,11,78,0,2009
2011,May,947,996,1876,24,1815,40,285,225,4618,3501,815,105,100,3,134,1049,818,355,22,74,93,20,22,363,2378,2019,785,2033,2078,42,3060,163,14,128,92,8,39,367,293,16,1,18,77,0,6879
2011,June,537,1079,1738,47,1916,29,254,237,4103,3255,685,158,114,6,114,979,777,387,15,71,108,22,47,217,1963,1436,1030,2213,2015,20,3796,149,2,140,76,5,25,94,407,17,0,44,62,7,6425
2011,July,543,1499,1848,58,1529,46,256,238,4202,3556,989,106,111,1,158,1015,687,373,31,72,254,27,21,173,2063,1468,1167,2345,1377,25,3310,130,5,165,64,10,59,23,348,27,1,24,40,5,4693
2011,August,996,1588,2339,70,2127,40,275,279,3680,4065,650,132,113,19,221,1053,792,589,22,92,191,24,15,281,2567,1485,1501,2041,2011,20,3474,121,8,154,54,6,49,15,424,70,2,21,80,10,4081
2011,September,1218,1460,2629,55,2712,59,342,327,4183,4190,789,118,95,2,312,1015,838,525,39,69,134,38,29,371,2795,1774,1345,2205,1797,31,3021,195,8,163,52,9,55,19,377,39,0,21,93,3,3937
2011,October,1166,1570,2718,70,2745,52,402,309,4583,4184,742,168,72,3,219,1049,752,720,25,148,256,63,25,260,3022,1826,1365,2136,1812,26,3113,178,7,187,85,4,28,74,224,44,0,20,38,3,2803
2011,November,1346,1243,2272,64,2622,52,353,284,3921,4889,873,226,117,3,179,956,659,658,15,109,210,39,12,206,3112,2219,1186,2563,1675,27,3232,166,5,168,126,3,27,32,253,48,0,18,42,3,2001
2011,December,1264,1254,2199,31,2096,29,399,274,4459,4174,786,175,96,1,178,792,723,643,47,135,122,22,31,176,3494,2187,4276,2169,1529,11,3246,81,8,160,100,1,12,58,169,69,1,35,82,3,1202
2012,January,1116,1311,1952,61,1795,45,393,204,4330,4667,556,185,99,8,223,933,793,392,34,117,199,17,10,215,2717,2316,741,2204,2073,24,3240,122,6,166,47,8,9,75,205,28,0,29,15,1,1157
2012,February,1035,997,1537,53,1929,54,319,172,4803,3916,682,105,83,2,133,896,733,445,7,143,183,7,19,215,2366,1935,966,1840,2060,24,3155,114,4,163,33,5,23,20,72,22,0,14,10,3,1169
2012,March,1195,1219,1603,52,1803,39,461,202,4582,3717,710,167,57,4,203,827,816,592,27,161,300,16,13,213,2470,1906,1445,2148,2250,37,3654,137,3,185,42,3,32,28,115,36,0,55,27,1,1422
2012,April,858,1239,1431,28,1698,22,448,165,4007,3283,886,95,67,4,195,664,806,610,29,102,234,19,7,150,2447,2128,1226,1887,2143,24,3588,132,13,182,50,7,16,16,108,51,0,91,48,0,1057
2012,May,1911,1345,1505,63,1763,54,428,204,3918,3590,718,136,75,3,264,607,746,498,37,69,266,43,12,211,3242,2124,1634,2350,2404,41,3810,150,4,219,126,25,26,395,229,50,5,180,80,0,1516
2012,June,1783,1229,1363,64,1630,51,616,244,4310,4127,807,132,68,5,181,643,918,588,18,77,275,67,29,291,3096,2356,1864,1987,1880,13,4039,121,6,166,115,10,19,398,267,50,0,85,121,0,1032
2012,July,1599,1653,1554,57,1424,25,569,255,4859,4752,589,197,91,9,235,708,927,812,34,79,241,103,26,191,4108,2615,1814,2394,1421,22,3941,156,22,180,107,2,7,171,240,66,1,137,49,3,1548
2012,August,1619,1756,1479,107,1427,52,504,309,4502,5486,751,179,84,5,137,791,1003,869,46,76,239,58,18,206,4356,2605,2110,2319,2156,18,3738,151,17,223,117,7,9,176,242,37,2,132,47,8,1547
2012,September,1200,1775,1656,103,1709,33,513,324,4252,6925,744,161,67,10,125,718,954,1254,15,87,260,59,23,203,4916,2092,4310,2535,1639,42,3141,163,8,245,136,1,20,346,359,50,2,230,56,2,1435
2012,October,1410,2117,1758,189,1847,59,629,302,5724,10196,1255,319,105,10,167,1038,1058,1206,9,62,159,63,32,254,5512,2213,3901,2824,1976,40,4085,157,8,274,168,3,10,41,358,37,1,268,82,15,2179
2012,November,884,1523,1388,199,2025,39,663,319,4655,9000,1030,259,72,10,120,903,994,944,21,90,93,51,27,258,4567,2194,3354,2692,1617,26,3430,138,18,272,128,2,13,329,336,52,2,151,59,10,2006
2012,December,1386,1251,1300,253,1451,44,598,222,5313,4880,849,221,71,4,69,936,937,972,18,82,61,45,48,172,4090,1464,3105,2230,1532,13,3232,89,6,268,125,4,5,61,237,50,3,159,44,10,1284
2013,January,1127,1208,1251,243,790,47,760,255,4636,7530,754,285,79,13,73,1305,1062,617,24,93,121,15,49,284,3802,1953,2076,2476,1775,30,3762,98,32,316,168,11,5,23,159,19,3,62,23,9,1638
2013,February,1077,1185,987,213,661,30,590,205,5096,5995,707,662,83,3,69,976,795,702,23,67,94,12,14,447,2970,1633,2735,2325,1667,19,3233,138,21,277,145,9,6,21,196,27,1,129,13,2,1163
2013,March,929,1198,1100,412,692,52,601,226,5367,5790,608,1322,65,1,71,956,963,1279,24,64,125,14,31,440,2964,1661,2661,2350,1677,28,3524,81,20,255,170,4,13,60,394,13,8,164,76,1,1867
2013,April,871,1405,1012,249,830,36,581,228,5402,7712,744,1942,91,5,90,1042,918,1915,71,89,131,24,21,406,3061,1881,3076,2490,2010,38,3479,74,16,234,105,11,16,161,497,13,0,224,145,5,1811
2013,May,858,1445,949,275,777,42,508,210,4659,7683,594,3319,79,15,65,903,883,2857,25,103,137,33,30,447,3084,1513,3068,2414,2263,15,4388,94,9,282,95,17,11,129,374,11,44,193,111,20,1687
2013,June,883,1799,979,412,730,38,534,218,5093,8601,536,4077,72,13,84,1039,997,2296,35,95,103,35,22,452,2978,1412,3810,2426,2005,15,3895,70,7,260,38,2,8,53,284,26,27,295,155,19,1928
2013,July,1085,1802,1114,434,831,40,642,257,5631,9806,776,2176,70,14,94,1187,1400,1483,39,110,184,21,13,433,4061,1672,3829,2749,1643,38,4079,71,9,260,46,12,35,434,379,29,45,587,180,5,2358
2013,August,1186,1352,996,693,912,66,705,319,4533,9830,608,1100,65,8,74,1081,1719,882,30,144,95,34,16,301,4798,1418,3578,2405,2171,18,3852,103,9,240,50,1,31,738,335,44,46,523,293,1,2473
2013,September,1207,1345,1193,939,1110,32,686,329,4506,11729,676,1036,80,8,111,1498,1505,712,54,158,183,7,14,352,7767,1310,5325,2612,2114,18,3494,118,14,238,79,7,25,287,638,11,31,534,121,9,2401
2013,October,967,1693,1110,1230,1140,44,753,267,5836,13285,833,740,81,7,121,1557,1211,537,44,265,135,31,19,354,7908,1624,4406,2840,1676,18,4190,141,15,280,95,5,16,116,651,28,12,340,111,3,3217
2013,November,795,1553,955,1247,968,36,659,264,4812,12401,761,903,108,1,84,1500,997,377,30,196,112,32,4,316,5535,1753,5174,2546,1948,19,3510,143,11,281,57,14,8,127,607,27,1,234,71,15,3013
2013,December,755,1518,857,632,941,40,521,244,4890,9218,628,1011,69,5,52,1355,825,326,107,190,79,23,9,269,5331,1610,5069,2242,1920,36,3968,115,9,329,41,4,11,51,614,29,8,269,44,11,2164
2014,January,686,1327,1017,808,1061,39,569,252,4717,12928,760,1225,98,4,81,1380,696,263,19,122,114,10,15,291,3953,1693,3370,2508,2444,20,3918,121,5,401,53,8,11,73,950,22,8,74,55,3,3375
2014,February,699,1030,780,768,915,38,446,217,4942,10175,888,635,83,11,68,912,553,223,15,125,132,5,28,345,3671,1363,3703,2452,2468,28,3676,117,10,305,31,7,20,43,600,26,5,1,64,0,3176
2014,March,831,1121,818,393,1003,76,508,219,5772,10175,798,577,109,4,66,961,656,357,30,143,104,41,28,408,3915,1419,3993,2801,2738,27,4862,143,5,403,43,7,38,64,519,35,33,43,73,6,3794
2014,April,727,1188,902,293,902,66,614,249,5406,10487,842,618,93,5,38,2224,776,377,31,202,78,14,37,361,4384,1372,4190,2307,2590,26,5046,154,10,370,34,8,15,129,654,10,2,85,83,0,4215
2014,May,829,1523,856,517,976,78,723,217,4338,11560,846,693,105,5,77,3258,1233,442,34,210,120,11,33,351,5560,1572,4071,2220,2415,15,5034,128,10,356,34,10,18,60,783,22,9,113,39,7,5368
2014,June,817,1589,1048,609,932,54,1012,252,4702,12509,729,1088,103,7,60,1702,1155,504,36,238,116,23,25,418,7508,2096,8400,2568,2593,24,5551,132,15,413,33,14,43,194,794,34,10,194,126,6,4553
2014,July,739,2012,1220,892,1087,75,1738,265,5032,16809,889,1498,130,0,69,1998,971,529,44,262,147,6,26,476,8899,2748,10530,2992,2656,31,5965,139,5,440,43,15,64,127,1170,22,19,168,103,4,5607
2014,August,799,2256,1450,1089,1023,86,2308,348,3899,16026,509,2105,125,3,88,2124,1068,564,50,276,89,16,28,453,8401,2382,9993,2892,2278,26,5238,132,15,474,43,21,37,95,1560,30,12,77,51,1,5065
2014,September,772,3090,1710,1194,1516,126,3150,392,4785,17083,674,4744,138,14,118,2865,1274,696,41,298,270,11,53,548,9408,2237,11771,3178,2926,24,5934,179,20,514,37,14,43,179,1532,40,14,126,104,6,7219
2014,October,715,2975,1546,1388,1519,99,1862,406,5555,19232,888,5239,129,5,122,1905,1014,599,41,299,196,24,40,857,7552,2267,9691,3269,3280,21,6636,202,25,478,43,25,31,124,2363,31,34,646,194,3,8890
2014,November,626,3540,1161,1355,1311,71,1116,313,4576,19029,669,8869,155,4,104,1253,832,538,61,389,82,29,15,687,5524,1582,9077,2633,2807,19,5631,152,5,413,32,12,15,77,2218,68,270,469,165,4,6787
2014,December,763,4051,1364,1482,1209,114,769,387,5301,17059,957,14075,170,11,82,1229,735,538,40,331,98,37,33,700,6316,1382,9031,2524,2944,27,6416,131,35,435,26,6,29,115,3445,66,12,316,204,5,5608
2015,January,518,3930,1198,1056,1161,104,654,306,4260,22913,926,11654,215,3,81,884,566,484,48,320,107,14,15,837,4352,1449,5879,2899,3192,20,6008,156,14,504,24,5,17,66,56,15,2,226,201,5,4741
2015,February,633,3059,1049,1028,1147,93,473,313,5344,24073,895,16407,201,5,87,739,483,470,91,230,80,9,14,850,3505,1309,5883,2334,3243,24,5388,124,15,385,25,16,13,159,62,25,6,297,138,1,5076
2015,March,812,2763,1161,1104,1135,171,465,345,6101,30012,789,4750,209,9,78,800,486,485,85,329,167,24,22,1221,3563,1382,6476,2555,3726,28,7271,147,9,529,17,32,17,120,69,9,2,232,141,4,5432
2015,April,680,3696,1067,1118,1135,106,564,337,5464,25842,854,6486,265,4,64,1086,524,542,79,342,213,3,15,1329,3406,1272,7109,2030,3781,48,6667,145,18,512,15,29,24,103,121,27,33,275,131,9,4502
2015,May,756,6183,1590,1326,1163,84,914,514,4493,25121,1005,9800,257,14,80,2252,1166,523,81,412,90,20,12,1057,4844,2080,7186,2638,3800,27,7400,122,7,485,10,9,32,158,73,25,7,363,225,1,5128
2015,June,1035,7480,2262,1606,1339,86,1077,763,5315,34087,1000,16387,334,20,89,2937,1080,699,89,475,88,2,15,1299,6047,3670,11166,3167,4349,33,8229,132,23,600,11,26,49,116,37,11,63,133,610,0,5263
2015,July,1032,8627,3127,1849,1363,75,1063,1463,5404,36507,1066,30872,290,10,84,2991,1349,983,71,561,90,5,10,1138,7517,3786,13509,4428,4110,35,7436,155,22,639,13,22,29,143,117,37,42,4,229,9,8511
2015,August,1244,8380,5144,1433,1302,86,1812,2872,5476,36312,881,46722,332,8,164,5355,2282,1236,76,544,110,6,22,919,11280,3791,13656,3742,3099,41,8554,123,48,713,10,8,20,115,31,33,36,5,15,1,8775
2015,September,1503,10474,6354,2059,1656,101,2756,10824,7324,44481,941,30494,407,37,362,6442,4897,1491,70,558,78,7,38,1199,23773,4415,18452,4141,4385,36,7558,337,62,890,27,43,43,170,34,23,38,8,20,6,11107
2015,October,1526,12020,5379,3529,1470,113,3684,7038,8640,58133,847,487,263,21,372,9995,8575,1259,68,577,91,6,20,1311,38652,4642,23066,5190,4349,14,8388,234,57,895,20,21,71,230,12,34,151,9,29,1,10363
2015,November,1217,11872,5485,2396,1598,116,5094,5704,7881,57688,1001,197,291,9,423,6243,8110,1097,83,590,86,14,43,1340,36203,5565,11820,3463,3524,21,7539,244,44,681,20,10,8,189,7,23,74,18,41,7,8272
2015,December,1402,7133,4879,1659,1598,110,2669,1792,8594,46730,1160,174,212,14,416,3375,1005,985,55,773,67,159,36,866,13317,4762,9383,3381,3827,25,10141,186,36,748,19,10,5,132,34,29,131,41,116,2,6073
2016,January,1394,5772,2341,1884,1656,85,1606,922,5832,57158,1004,299,171,0,227,2492,364,517,23,592,18,0,6,1043,3668,3444,5654,3610,4276,0,7488,176,43,800,11,0,5,93,16,6,0,45,160,0,7367
2016,February,1955,4974,1234,1130,1751,118,866,774,6303,72787,1272,2031,151,0,91,1699,233,761,21,441,69,0,250,922,2195,2489,6390,3190,4653,7,8335,202,25,740,24,0,0,116,12,0,42,5,83,0,7558
2016,March,2038,3201,968,986,1630,90,431,307,6143,65222,2777,4401,106,0,68,1177,258,989,143,595,67,5,187,833,1670,1848,8361,3054,5577,16,10239,163,21,742,139,0,0,135,225,14,0,0,51,0,7265
2016,April,1973,4021,973,1032,1451,95,346,326,6076,66219,3552,5675,107,7,77,850,184,1070,35,506,67,0,13,1154,1489,1583,5912,3440,5553,13,9354,158,10,812,174,0,31,86,9,5,60,11,35,0,7908
2016,May,2496,3758,780,1069,1400,50,345,263,6355,59665,4191,4584,90,6,72,927,177,1310,169,608,34,0,36,1275,1397,1736,4904,3138,5962,11,10461,147,38,832,93,7,0,102,36,5,196,0,65,0,9052
2016,June,2129,3026,734,1367,1585,61,415,284,6184,78578,0,4578,124,0,109,951,197,1396,152,653,54,0,28,1448,1383,2176,4530,2985,6874,9,10954,118,15,924,64,0,45,154,59,36,192,0,76,0,9926
2016,July,1914,2910,1041,1497,1631,60,356,279,6151,76498,0,1725,111,5,93,1338,220,1025,56,551,102,0,32,983,1455,2291,4409,2791,5962,21,9238,186,22,1028,82,0,16,118,80,26,365,5,64,0,10860
2016,August,2265,3070,1195,2734,1945,74,271,409,7129,92069,0,1236,156,0,160,1604,245,741,31,608,116,6,104,1188,1649,2254,7303,3021,6461,13,11115,183,50,1046,77,0,23,167,170,57,610,59,33,0,11266
2016,September,2419,2440,1111,2050,2515,81,291,455,6914,76457,0,1029,183,0,157,1859,225,597,147,561,169,8,91,1455,1727,2034,6791,3150,8376,16,10908,240,140,776,178,5,13,147,19,35,638,8,32,0,12316
2016,October,2546,2427,1269,2490,2395,97,301,262,7038,32344,0,1132,145,0,220,1940,225,373,132,568,0,0,62,1721,1811,1933,8200,2817,8797,19,10705,328,184,978,554,0,48,195,37,88,27,15,37,6,13703
2016,November,3035,2144,1214,1718,2477,44,262,223,6115,25856,0,648,178,0,105,1655,182,358,72,648,0,10,167,1934,1670,1789,8559,2994,9275,7,12422,381,236,958,268,11,47,127,25,47,34,36,7,5,13418
2016,December,3038,2209,1128,780,2322,44,208,223,0,18925,0,553,228,0,150,1473,362,0,96,775,265,7,117,1607,1527,1618,6461,3180,8593,5,11953,222,88,946,129,0,20,98,93,5,0,51,32,11,10954
2017,January,2402,1979,1088,368,2545,85,199,0,6993,16005,0,450,119,16,173,1177,570,318,209,610,77,12,21,2083,1482,1445,6543,2746,8200,13,12392,222,43,1003,28,6,43,106,27,50,21,35,7,11,11524
2017,February,2674,1797,1027,344,2855,69,176,0,6993,14909,0,336,177,21,164,1103,189,276,194,653,108,12,14,2268,1257,1322,6284,2399,8482,5,11608,330,43,926,47,0,36,91,74,0,0,20,22,7,11781
2017,March,3483,1886,1315,494,3376,56,222,0,7993,18028,0,0,163,0,181,1137,342,296,0,722,378,6,110,2459,1464,1449,9482,3074,0,19,16331,484,70,1418,69,0,47,125,5,15,0,30,18,20,13459
2017,April,2462,1695,1019,188,3013,43,160,0,7109,13293,0,0,0,0,153,968,275,255,0,0,546,0,45,1935,1183,1174,5677,0,0,12,10485,196,41,1360,79,7,49,73,14,61,0,13,0,6,9371
2017,May,2534,1852,1243,239,3073,96,249,0,6909,15073,0,0,0,0,147,1082,355,190,0,0,0,7,181,0,1354,1305,7661,0,0,20,13287,0,61,0,119,0,16,155,20,30,0,7,0,5,0
2017,June,0,0,0,0,0,0,0,0,0,0,0,0,0,0,0,0,0,0,0,0,0,0,0,0,0,0,0,0,0,0,0,0,0,0,0,0,0,0,0,0,0,0,0,0,0
2017,July,0,0,0,0,0,0,0,0,0,0,0,0,0,0,0,0,0,0,0,0,0,0,0,0,0,0,0,0,0,0,0,0,0,0,0,0,0,0,0,0,0,0,0,0,0
2017,August,0,0,0,0,0,0,0,0,0,0,0,0,0,0,0,0,0,0,0,0,0,0,0,0,0,0,0,0,0,0,0,0,0,0,0,0,0,0,0,0,0,0,0,0,0
2017,September,0,0,0,0,0,0,0,0,0,0,0,0,0,0,0,0,0,0,0,0,0,0,0,0,0,0,0,0,0,0,0,0,0,0,0,0,0,0,0,0,0,0,0,0,0
2017,October,0,0,0,0,0,0,0,0,0,0,0,0,0,0,0,0,0,0,0,0,0,0,0,0,0,0,0,0,0,0,0,0,0,0,0,0,0,0,0,0,0,0,0,0,0
2017,November,0,0,0,0,0,0,0,0,0,0,0,0,0,0,0,0,0,0,0,0,0,0,0,0,0,0,0,0,0,0,0,0,0,0,0,0,0,0,0,0,0,0,0,0,0
2017,December,0,0,0,0,0,0,0,0,0,0,0,0,0,0,0,0,0,0,0,0,0,0,0,0,0,0,0,0,0,0,0,0,0,0,0,0,0,0,0,0,0,0,0,0,0
